1,1,"BLOQUERA"
2,1,"BODEGA"
3,1,"CARNICERIA"
4,1,"ALQUILER DE LAVADORAS"
5,1,"CARPINTERIA"
6,1,"CAUCHERA"
7,1,"COMIDA  LIGERA"
8,1,"COMPRA Y VENTA DE UTILES ESC"
9,1,"CONFECCION DE  UNIFORMES"
10,1,"CONFECCION DE ROPA"
11,1,"CONFECCION ROPA INTIMA"
12,3,"CRIA DE POLLOS"
13,1,"CHARCUTERIA"
14,1,"CHICHARRONERA"
15,1,"CHOCOLATE"
16,1,"DULCERIA"
18,1,"FAB. DE MUEBLES"
19,1,"FABRICA DE BLOQUES"
20,1,"FABRICA DE JABON"
21,1,"FRUTERIA"
22,3,"GRANJA DE GALLINAS"
23,1,"HELADERIA"
24,1,"MERC. SECA"
25,1,"OFICINA CONTABLE"
26,1,"PANADERIA"
27,1,"PELUQUERIA"
28,3,"POLLOS BENEFICIADOS"
29,1,"QUINCALLA"
30,1,"REPOSTERIA"
31,1,"SERV.PROFESIONALES"
32,1,"TALLER DE COSTURA"
33,1,"TALLER DE HERRERIA"
34,1,"TALLER DE MOTO"
35,1,"TOSTADORA DE CAFÉ"
36,1,"VARIEDADES"
37,1,"VENTA DE COCHINO"
38,1,"VENTA DE PERROS CALIENTES"
39,1,"VENTA DE POLLO"
40,1,"VENTA DE VERDURA"
41,1,"VTA. DE TOMATE"
42,2,"TAXI"
43,3,"ARROZ"
44,3,"APICOLA"
45,3,"AVICOLA"
46,3,"CACAO"
47,3,"CACHAMA"
48,3,"CAFÉ"
49,3,"CAMBUR"
50,3,"CAÑA DE AZUCAR"
51,3,"CONEJOS"
52,3,"FRIJOL"
53,3,"GALLINAS PONEDORAS"
54,3,"GRANJA INT"
55,3,"GUAYABA"
56,3,"LECHOZA"
57,3,"LIMON"
58,3,"MAIZ"
59,3,"PLATANO"
60,3,"MOTOR FUERA BORDA"
61,3,"OCUMO"
62,3,"OVINO"
63,3,"PARCHITA"
64,3,"PASTO"
65,3,"PATILLA"
66,3,"PES. ARTESANAL"
67,3,"PISICOLA"
68,3,"POLLOS ENGORDE"
69,3,"PORCINO"
70,3,"SORGO"
71,3,"TABACO"
72,3,"TOMATE"
73,3,"TORO REPRODUCTOR"
74,3,"YUCA"
76,3,"MAQUINARIA FONDAFA (2%)"
77,3,"MEJORAMIENTO DE FINCAS"
78,3,"CONSOLIDACION DE FINCAS"
79,3,"GANADERIA DOBLE PROPOSITO"
80,3,"BUFALO"
81,3,"CAPRINO"
82,3,"MUSACEOS"
83,3,"MELON"
84,3,"CITRICOS"
85,3,"GUANABANA"
86,3,"REPARACION DE MAQUINARIA"
87,1,"MICROCREDITO"
88,4,"COOPERATIVAS DE LA MUJER"
89,1,"COMPUTACION"
90,1,"CONTADURIA"
91,1,"LAVANDERIA"
92,2,"PYME/PYMI"
93,0,"CERAMICA"
94,4,"CONFECCION"
95,4,"PANADERIA ARTESANAL"
96,4,"ELABORACION DE COMIDA"
97,4,"RESTAURANT"
98,4,"COMERCIALIZACION DE POLLOS"
99,4,"AGENCIA DE FESTEJOS"
100,4,"PRODUCTOS DE LIMPIEZA"
101,4,"LAVANDERIA"
102,4,"EMPAQUETADO DE GRANOS"
103,4,"PUERTAS Y VENTANAS"
104,4,"APICULTURA"
105,3,"RASTROJOS"
106,3,"MAQUINARIA FONFIAGRO"
107,2,"FABRICA DE CALZADO"
108,2,"PELUQUERIA"
109,2,"ALQUILER DE LAVADORAS"
110,2,"TALLER"
111,2,"CARPINTERIA"
112,2,"COMIDA"
113,2,"FUMIGACION"
114,2,"TAPICERIA"
115,6,"FARMACIA"
116,2,"COMPUTACION"
117,1,"ZAPATERIA"
118,1,"COSECHA"
119,6,"CONFECCION Y MANUFACTURA JE-LE"
120,3,"MAQ Y EQUIPO"
121,1,"REPARACION DE CALZADO."
122,1,"MAQ Y EQUIPO"
123,3,"GRANJAS INTEGRAL"
124,2,"FLORISTERIA"
125,2,"MARQUETERIA"
126,3,"CONEJO"
127,2,"PUBLICIDAD"
128,2,"SERV. PROFESIONALES"
129,1,"ARTESANIA"
130,2,"CONFECCION"
131,6,"PANADERIA"
132,2,"TALLER MECANICO"
133,2,"EMBUTIDOS"
134,2,"SERVICIOS MULTIPLES"
135,2,"REFRIGERACION"
136,2,"BLOQUERA"
137,1,"LUNCHERIA"
138,2,"QUESERA"
139,1,"VIDEO PRODUCCIONES"
140,1,"GIMNASIO"
141,2,"MAUINAS Y EQUIPOS"
142,1,"QUESERA"
143,1,"FARMACIA"
144,1,"TAPICERIA"
145,1,"LUBRICANTES"
146,1,"DELICATESES"
147,1,"HERRERIA"
148,1,"LACTEOS"
149,1,"TALABARTERIA"
150,1,"REFRESQUERIA"
151,3,"ADQUISICION DE TORO"
152,2,"LACTEOS"
153,2,"PANADERIA"
154,1,"CONFECCION DE ROPA INTIMA"
155,2,"RESTAURANT"
156,2,"LUNCHERIA"
157,2,"CONSULTORIO ODONTOLOGICO"
158,1,"LUCHERIA"
159,1,"FOTOCOPIADO"
160,1,"CONFECCIONES"
161,1,"ESTETICA"
162,1,"EMPAQUETADORA"
163,1,"PESCA ARTESANAL"
164,1,"LENCERIA"
165,2,"MOTOR FUERA DE BORDA"
166,1,"TALLER DE MACANICO"
167,1,"TALLER DE MECANICA"
168,1,"TALLER DE REFIGERACION"
169,1,"TALLER DE RELOJERIA"
170,2,"AREPERA"
171,2,"VARIEDADES"
172,3,"MEJORAMIENTO AVICOLA"
173,1,"INVERSIONAS Y RECONSTRUCCIONES"
174,1,"CLINICA DENTAL"
175,1,"MANTENIMIENTO Y SERVICIOS"
176,3,"MOTOR FUERA DE BORDA FONFIAGRO"
177,2,"PYME FONDEBA"
178,1,"MICROCREDITO FONDEBA"
179,3,"REPOTENCIACION DE MAQUINARIA"
180,3,"TRACTOR"
181,6,"SERVICIOS VARIOS"
182,1,"MICROCREDITO"
183,6,"CHARCUTERIA"
184,6,"FABRICA DE YOGURT"
185,5,"CONUCOS"
186,7,"FONDEMI"
187,8,"GANADERIA DOBLE PROPOSITO"
188,8,"MAIZ"
189,8,"YUCA"
190,8,"GRANJA INTEGRAL"
191,8,"PARCHITA"
192,8,"PASTO"
193,8,"LECHOZA."
194,8,"PORCINO"
195,8,"TOMATE"
196,8,"MAQUINARIA FONFIAGRO"
197,8,"DESARROLLO FRONTERIZO"
198,8,"CONSOLIDACION DE FINCA"
199,8,"MEJORAMIENTO DE FINCA"
200,6,"MOTOR FUERA DE BORDA FONDEBA"
201,8,"PLATANO"
202,8,"SORGO"
203,8,"MOTOR FUERA BORDA CONS. JURID."
204,8,"CONEJOS"
205,8,"PISCICOLA"
206,8,"PATILLA"
207,8,"MEJORAMIENTO AVICOLA"
208,8,"OVINO"
209,8,"REPOTENCIACION DE MAQUINARIA"
210,8,"POLLOS DE ENGORDE"
211,8,"CAFÉ"
212,8,"OCUMO"
213,8,"FRIJOL"
214,8,"GALLINAS PONEDORAS"
215,8,"CRIA DE POLLOS"
216,8,"SORGO"
217,8,"CAÑA DE AZUCAR"
218,8,"APICOLA"
219,8,"CACAO"
220,6,"VENTA DE LECHE"
221,8,"RECUPERACION MAQUINARIA  SUBASTADA"
222,8,"TAXI"
223,6,"COOPERATIVA"
224,2,"FABRICA DE CHOCOLATE"
225,2,"FUNDICION DE METALES"
226,2,"FUNDICION DE METALES"
227,2,"RESTAURANT."
228,2,"BODEGA"
229,2,"ESCUELA DE TENNIS"
230,2,"LENCERIA"
231,1,"VENTA DE MERCANCIA SECA"
232,1,"CONFITERIA"
233,1,"ALQUILER DE LAVADORAS"
234,7,"LITOGRAFIA Y PUBLICIDAD"
235,6,"CARPINTERIA"
236,1,"KIOSCO"
237,1,"LENCERIA"
238,6,"LENCERIA"
239,6,"EQUIPO DE COMPUTACION"
240,6,"SERVICIO VETERINARIO"
241,6,"CENTRO DE COPIADO"
242,6,"HERRERIA"
243,6,"CONFECCIONES"
244,1,"VENTA DE PAÑALES"
245,6,"CARNICERIA"
246,1,"PRODUCTOS NATURISTAS"
247,6,"RESTAURANT"
248,6,"SERVICIOS CONTABLES"
249,1,"RESTAURANT"
250,6,"REFRIGERACION Y ELECTRICIDAD"
251,5,"CRIA DE POLLOS Y/O GALLINAS"
252,6,"FUNDICIONES"
253,6,"COMIDA LIGERA"
254,6,"REPARACION DE BICICLETAS"
255,1,"QUINCALLERIA"
256,6,"MANUALIDADES"
257,3,"SIEMBRA"
258,6,"AUTOLAVADO"
259,6,"ESCRITORIO JURIDICO"
260,7,"CRIA DE ANIMALES"
261,7,"VIVERO"
262,7,"PANADERIA"
263,6,"FABRICA DE CARBON"
264,1,"CONFECCION"
265,1,"CRIA DE POLLOS"
266,1,"VENTA DE PRODUCTOS MERCAL"
267,1,"COMIDA RAPIDA"
268,1,"FABRICA DE HAMACAS"
269,1,"FAB. ZANDALIAS"
270,1,"CULTIVO DE TOMATE"
271,1,"FABRICA DE SANDALIAS"
272,1,"COMIDA RAPIDA"
273,1,"PARCHITA"
274,1,"CORTE DE MALESAS"
275,1,"VERDURERA"
276,1,"VERDURERA"
277,1,"TALLER DE BICICLETAS"
278,1,"PIÑATERIA"
279,1,"REPARACION DE CALZADOS"
280,1,"TALLER DE ELECTROAUTOS"
281,1,"VENTA DE ROPA"
282,1,"GALLINAS PONEDORAS"
283,1,"POLLOS DE ENGORDE"
284,1,"VENTA DE CALZADO"
285,1,"FABRICA DE MOSQUITEROS Y CHINCHORROS"
286,1,"INTERNET"
287,1,"VENTA DE SANDALIAS"
288,1,"VENTA DE CONSERVAS"
289,1,"MINI-ENCUADERNACION"
290,1,"PRODUCTO AHUMADO"
291,1,"FABRICA DE GANCHOS PARA ROPA"
292,1,"COSTURA"
293,1,"MANUALIDADES"
294,1,"VENTA DE PESCADO"
295,1,"LATONERIA Y PINTURA"
296,1,"CAPRINO"
297,1,"FABRICA DE SILLAS"
298,1,"SIEMBRA DE MAIZ"
299,1,"POLLOS BENEFICIADOS"
300,1,"VENTA DE REPUESTOS PARA MOTOS"
301,1,"FABRICA DE HELADOS"
302,1,"FABRICA DE AMARRES"
303,1,"PIZZERIA"
304,1,"TALLER DE CAJAS HIDRAULICAS"
305,1,"JARDINERIA"
306,1,"AUTOLAVADO"
307,1,"CONFECCION"
308,1,"VENTA DE ACEITE Y LIGA"
309,1,"COMIDA CRIOLLA"
310,1,"BARBERIA"
311,1,"CONFECCION"
312,1,"VENTA DE HELADOS"
313,1,"VENTA DE BATEAS"
314,1,"POLLOS DE ENGORDE"
315,1,"FABRICA DE YOGURT"
316,1,"DESMALEZADORA"
317,1,"SERVICIO TECNICO"
318,1,"FABRICA DE SISTEMA DE RIEGO"
319,1,"REPARACION DE CELULARES"
320,1,"COMIDA TIPICA"
321,1,"FABRICA DE CORREAS Y CARTERAS"
322,1,"MOTOSIERRA"
323,1,"MANTENIMIENTO DE GUAYABA"
324,1,"SERVICIO DE FUMIGACION"
325,1,"CULTIVO DE PLATANO"
326,1,"FABRICA DE INSTRUMENTOS MUSICALES"
327,2,"TALLER DE HERRERIA"
328,2,"PIZZERIA"
329,2,"FABRICA DE AREQUIPE"
330,2,"FABRICA DE ROPA MATERNA"
331,2,"QUESERA"
332,2,"AUTOLAVADO"
333,2,"INTERNET"
334,2,"COMIDA RAPIDA"
335,2,"VIVERES"
336,2,"CENTRO DE TELECOMUNICACIONES"
337,2,"FABRICA DE FORORO"
338,2,"APICULTURA"
339,2,"CYBER CAFÉ"
340,2,"TALLER DE ARTE INTEGRAL"
341,2,"BARBERIA"
342,2,"FABRICA DE VELAS"
343,2,"PROCESADORA DE ALIMENTOS"
344,1,"CENTRO DE COMUNICACIONES"
345,1,"PAPELERIA"
346,1,"CENTRO DE COPIADO"
347,1,"SIEMBRA DE FRUTAS"
348,1,"FABRICA DE CERAMICA"
349,1,"VENTA DE VIVERES"
350,2,"FABRICA DE QUESOS"
351,2,"FABRICA DE PRODUCTOS QUIMICOS"
352,2,"EXPENDIO DE MEDICINAS"
353,2,"REPARACION DE AIRES ACONDICIONADOS."
354,1,"CULTIVO DE AJI"
355,1,"FRIGORIFICO"
356,1,"HUEVOS DE CODORNIS"
357,1,"COMIDA RAPIDA"
358,1,"DISTRIBUIDOR DE PRODUCTOS DE LIMPIEZA"
359,1,"COMPRA VENTA DE CARNE"
360,1,"JUGO DE CAÑA"
361,1,"COMPRA VENTA DE CARNE"
362,1,"COMIDA LIGERA"
363,1,"TALLER DE RADIADORES"
364,1,"AREPERA"
365,1,"TALLER DE FRENOS"
366,1,"UTILES ESCOLARES"
367,1,"CRIA DE COCHINO"
368,1,"FABRICA DE MOTOS"
369,1,"PISCICULTURA"
370,1,"PORCINOS"
371,1,"PUBLICIDAD"
372,1,"VENTA DE MEDICINA VETERINARIA"
373,1,"EXPLOTACION DE OVINOS"
374,1,"MINI-CAUCHERA"
375,1,"MOTOR FUERA DE BORDA"
376,1,"VIVERO"
377,1,"FABRICA DE BALDOSAS"
378,1,"POLLOS EN BRASAS"
379,1,"VENTA DE CHANCLETAS"
380,1,"GALPON"
381,1,"CULTIVO DE YUCA"
382,1,"MINI-ABASTO"
383,1,"PARADOR TURISTICO"
384,1,"EMBUTIDOS"
385,1,"MARQUETERIA"
386,1,"MULTISERVICIOS TEC."
387,1,"ELABORACION DE PASAPALOS"
388,3,"CONUCOS BOLIVARIANOS"
389,1,"PESCADERIA"
390,1,"FABRICA DE BATEAS"
391,1,"FLORISTERIA"
392,1,"DISTRIBUIDOR DE LACTEOS"
393,1,"GRANJA INTEGRAL"
394,1,"FABRICA DE CATALINAS"
395,1,"HIERRO FORJADO"
396,1,"JUGOS NATURALES"
397,1,"MORCILLAS CASERAS"
398,1,"ELABORACION DE ETIQUETAS"
399,1,"VENTA DE MATERIALES DE CONTRUCCION"
400,1,"FABRICA DE HIELO"
401,1,"CAFETERIA"
402,1,"VENTA DE GANADO"
403,1,"PRODUCCION DE PLATANOS"
404,1,"REPARACION DE VENTILADORES"
405,1,"LIBRERÍA"
406,1,"CONSTRUCCION"
407,1,"REPOSTERIA"
408,3,"CRIA DE ANIMALES"
409,1,"MERCANCIA SECA (BUHONERO)."
410,8,"TAXI"
411,8,"TAXI CONS. JUR."
412,1,"VENTA DE JUGOS"
413,1,"FABRICA DE CORTINAS"
414,1,"SASTRERIA"
415,1,"CONFECCION DE LENCERIA"
416,1,"SERVICIO DE FOTOCOPIADO"
417,1,"TALLER DE ROPA INTIMA"
418,1,"TRANSCRIPION DE DATOS"
419,1,"VENTA DE POLLO ASADO"
420,1,"VENTA DE DULCES CRIOLLOS"
421,1,"ELABORACION DE HELADOS"
422,1,"FABRICA DE CUADROS AL OLEO"
423,1,"FABRICA DE ARTESANIA"
424,1,"TIMBRADO Y BORDADO DE FRANELAS"
425,1,"SERVICIO DENTAL"
426,1,"MANTENIMIENTO DE AREAS VERDES"
427,1,"CORTE DE MADERA"
428,2,"MEDIO DE COMUNICACIÓN ESCRITO"
429,2,"DISTRIBUCION DE PRODUCTOS MERCAL"
430,2,"FABRICA DE LENCERIA DESECHABLE"
431,2,"TALLER DE BICICLETA"
432,2,"TRANSCRIPCION DE DATOS"
433,2,"FOTOCOPIADO"
434,2,"PREPARACION DE ALIMENTOS PARA ANIMALES"
435,2,"MANTENIMIENTO Y CONSTRUCCION CIVIL"
436,1,"AGUA POTABLE"
437,1,"REPARACION DE MOTOS"
438,1,"VENTA DE FRUTAS"
439,1,"CASA DE FESTEJOS"
440,1,"DISTRIBUIDORA DE PASAPALOS"
441,1,"FABRICA DE HIERRO"
442,2,"LIBRERÍA Y PAPELERIA"
443,2,"TRANSPORTE Y SERVICIO"
444,2,"LAVANDERIA"
445,2,"SERVICIO DE INTERNET"
446,2,"FABRICA Y DISTRIBUCION DE ENVASES PLASTICOS"
447,2,"REPOSTERIA"
448,2,"REPARACION DE PIEZAS DE AUTOMOVILES"
449,2,"FABRICA DE CHORIZO"
450,2,"ELABORACION DE FORMULAS MAGISTRALES Y OFICIALES"
451,2,"COMPRA DE PIEL  DE GANADO"
452,2,"FABRICA D HELADOS"
453,2,"REPARACION DE TRANSMICIONES AUTOMATICAS"
454,1,"VENTA DE COMIDA RAPIDA"
455,1,"VENTA DE CONFITERIA"
456,1,"MAYOR Y DETAL DE VIVERES"
457,9,"PORCINO Y F.V.H."
458,9,"VENTA DE PRODUCTOS MERCAL"
459,9,"TRANSPORTE Y SERVICIO"
460,1,"TALLER ELECTRONICO"
461,2,"COMPRA Y VENTA DE PRODUCTOS MERCAL"
462,1,"MANTENIMIENTO DE AREAS VERDES"
463,1,"SERVICIO DE PUBLICIDAD"
464,1,"FABRICA DE BUÑUELOS"
465,1,"MANTENIMIENTO DE HORATALIZAS"
466,1,"MANTENIMIENTO DE HORTALIZAS"
467,1,"TALLER FIBRA DE VIDRIO"
468,1,"VENTA DE COMIDA LIGERA"
469,1,"VENTA DE PRODUCTOS NATURALES"
470,1,"FABRICA DE PELUCHES"
471,1,"ELABORACION DE CARNES AHUMADAS"
472,1,"VENTA DE QUESO"
473,1,"TALLER DE HIERRO FORJADO"
474,1,"REPARACION DE BICICLETAS"
475,1,"FAB. DE PLOMADO"
476,1,"CORTE Y CONFECCION"
477,1,"FAB. DE QUESO"
478,1,"BISUTERIA"
479,1,"MANTENIMIENTO DE CULTIVO"
480,1,"SERV. DE INTERNET"
481,1,"COMUNICACIÓN EN RED"
482,1,"ELABORACION DE SALSAS"
483,1,"ALQUILER DE TELEFONOS"
484,1,"PROCESAMIENTO DE ALIMENTOS"
485,1,"TALLER DE APRENDIZAJE"
486,2,"TRANSPORTE URBANO"
487,1,"DESPULPADORA DE FRUTAS"
488,1,"ELAB. DE GUASACACAS Y PICANTES"
489,1,"SIEMBRA DE TOMATES"
490,1,"VENTA DE CARTERAS"
491,1,"BUHONERA"
492,2,"ACADEMIA DE ARTE Y MANUALIDADES"
493,2,"FABRICA DE UNIFORMES"
494,1,"TRANSPORTE"
495,2,"TRANSPORTE URBANO LINEA VENEZUELA"
496,2,"TRANSPORTE URBANO LINEA MARQUEZA"
497,2,"TRANSPORTE URBANO LINEA  LOS CENTAUROS"
498,2,"TRANSPORTE URBANO LINEA JUAN PABLO"
499,2,"TRANSPORTE URBANO COOP.  EL PILAR."
500,1,"FABRICA DE ATARRAYAS"
501,1,"FABRICA DE CURIARAS"
502,1,"VENTA DE PORCINO"
503,1,"CRIA DE PORCINO"
504,1,"VENTA DE LUBRICANTES"
505,2,"SERVICIOS TOPOGRAFICOS"
506,2,"SERV. DE CONSTRUCCION"
507,2,"SERV. TELEFONIA Y COMPUTACION"
508,2,"MANTENIMIENTO AREAS VERDES"
509,2,"REP.BOMBAS DE GASOLINA ELEC."
510,2,"CONST.DE BLOQUES DE CEMENTO"
511,2,"FABRICA DE LENCERIA Y ARTESANIA"
512,2,"CONST. DE OBRA Y MANTENIMIENTO DE AREAS"
513,2,"PAPELERIA E INTERNET"
514,2,"FABRICA Y RECONSTRUCION DE BATERIAS"
515,2,"REPRODUCCION DE HUEVO CODORNIZ"
516,2,"SERV. PROFECIONALES"
517,2,"SERV. PROFESIONALES"
518,2,"SERV. REPARACION  Y VTA DE CAUCHOS"
519,2,"SERV. TIPOGRAFIA"
520,2,"COMPRA Y VENTA DE PRODUCTO MERCAL"
521,2,"SALA DE INTERNET"
522,2,"VENTA DE CARNES"
523,2,"CONSTRUCCION"
524,1,"VENTA DE LACTEOS"
525,1,"VENTA DE COMIDA"
526,1,"FABRICA  DE LENCERIA"
527,1,"VENTA DE POLLO BENEFICIADO"
528,1,"VENTA DE COMIDA RAPIDA"
529,1,"REPOSTERIA Y DULCERIA"
530,1,"VENTA DE REPUESTO"
531,1,"TALLER MECANICO"
532,1,"FABRICA DE ALPARGATAS"
533,2,"SERV. REP. Y VTA. DE CAUCHOS"
534,2,"FOTOCOPIADO Y TRNSCRIPCION DE DATO"
535,2,"ELAB. DE CARTERAS Y ROPA"
536,2,"AUTO LAVADO"
537,2,"PANADERIA Y ABASTO"
538,1,"FABRICA DE MUÑECAS"
539,1,"PROCESADORA Y EMPAQ. DE CAFÉ"
540,2,"SERVICIOS DE RAYOS X"
541,2,"COSTURA"
542,2,"CENTRO DE COPIADO Y TRANSCRIPCION DE DATOS"
543,2,"PUBLICIDAD Y SISTEMA"
544,2,"ZAPATERIA"
545,2,"CARNICERIA"
546,2,"FAB. DE CARTERAS Y SANDALIAS"
547,2,"VENTA DE VIVERES"
548,2,"CRIA Y VENTA DE CERDOS"
549,1,"FABRICA DE FORORO"
550,9,"CARPINTERIA"
551,1,"VENTA DE TEXTOS"
552,1,"VENTAS DE POLLO Y QUESOS"
553,1,"LENCERÍA"
554,1,"MERCANCIA SECA"
555,2,"FAB. DE PRODUCTOS DE LIMPIEZA"
556,1,"FABRICA DE ZAPATOS"
557,2,"VENTA DE MERCANCIA SECA"
558,1,"FAB. DE SABANAS"
559,9,"ESTUDIOS DE GRABACION"
560,9,"ELABORACION DE MUEBLES"
561,9,"VTA. DE VIVERES Y FRUTAS"
562,9,"CARNICERIA"
563,2,"SERVICIOS DE INTERNET"
564,1,"VTA. DE CHICHA"
565,9,"CONFECCION DE ROPA"
566,9,"MANT. DE AREAS VERDES"
567,9,"CRIA Y VENTA DE CERDOS"
568,9,"VENTA DE PRODUCTOS"
569,9,"PANADERIA"
570,9,"SUMINISTROS DE ALIMENTOS"
571,2,"SERV. PROFESIONALES Y TRANSCRIPCION DE DATOS"
572,1,"VENTA DE HIELO"
573,2,"REPARACION DE TELEFONO"
574,9,"VENTA DE UTILIES ESCOLARES"
575,9,"REPOSTERIA"
576,2,"VENTA DE COMIDA RAPIDA"
577,9,"SERVICIO DE INTERNET"
578,1,"TRANSCRIPCION DE DATOS"
579,9,"VENTA DE COMIDA RAPIDA"
580,2,"FERRETERIA"
581,1,"VENTA DE TORTAS"
582,9,"RESTAURANT"
583,2,"VENTA Y CAMBIO DE ACEITE"
584,1,"FABRICA DE LAMPARAS"
585,2,"REPOTENCIACION DE TAXI"
586,9,"PESCA ARTESANAL"
587,2,"ADQUISICION DE VEHICULO TAXI"
588,9,"HERRERIA"
589,9,"PRODUCTOS DE CUERO"
590,2,"PAPELERIA Y FOTOCOPIADO"
591,2,"VENTA DE ALGODÓN DULCE"
592,1,"COPIADO Y TRANSCRIPCION DE DATOS"
593,2,"HERRERIA"
594,9,"SERVICIO DE INTERNET Y TELECOMUNICACION"
595,1,"FABRICA DE DULCES"
596,9,"COMPUTACION E INFORMACION"
597,1,"VENTA DE GUARAPO DE CAÑA"
598,1,"REPARACION DE EQUIPOS ELECTRICOS"
599,1,"VENTA DE REPUESTOS PARA BICICLETAS"
600,2,"MATERIA PRIMA"
601,2,"SERVICIO DE COMPUTACION"
602,2,"REP.TAXI LINEA BATALLA DE BARINAS 04"
603,2,"ADQ. DE VEH. TAXI LINEA DOÑA ELENA"
604,2,"REP. DE TAXI LINEA COOP. MATERNO INFANTIL"
605,2,"REP. TAXI EL VATICANO 123 RL"
606,2,"ADQ. DE TAXI LINEA LA FE"
607,2,"ADQ.DE VEH. TAXI LINEA EL VATCANO 123"
608,2,"REP. DE TAXI LINEA EL TERMINAL"
609,2,"REP. DE TAXI LINEA PARQUE LOS MANGOS"
610,2,"ADQ. DE TAXI LINEA BARINAS 2021"
611,2,"ADQ. DE TAXI ASOC. CIVIL LINEA P. LOS MANGOS"
612,2,"ADQ. DE TAXI LINEA EL TERMINAL"
613,2,"REP. DE TAXI ASOC. CIVIL TAXI COROCITO"
614,2,"ADQ. DE TAXI LINEA EL VATICANO 123"
615,2,"ADQ. DE TAXI LINEA RAUL LEONI"
616,2,"REP. DE TAXI LINEA RAUL LEONI"
617,2,"ADQ. DE VEH. TAXI COOP. BATALLA DE BARINAS 04"
618,2,"REP. DE TAXI LINEA LA HORMIGUITA"
619,2,"ADQ. DE TAXI PARQUE LOS MANGOS"
620,2,"ADQ. DE VEH. TAXI ASOC. CIVIL TAXI LA HORMIGA"
621,2,"ADQ. DE TAXI TELE-TAXI BARINAS"
622,2,"ADQ. DE TAXI ASOC. CIVIL TELE-TAXI BARINAS"
623,9,"SIEMBRA DE PARCHITA"
624,9,"PRODUCTOR APICOLA"
625,2,"REP. DE TAXI ASOC. COOP. DOÑA ELENA"
626,2,"FAB. DE CORREAS DE CUERO"
627,2,"REP. DE TAXI LINEA MI RANCHITO"
628,2,"REP. DE TAXI RICEL D' VENEZUELA"
629,2,"VENTA DE ZAPATOS"
630,2,"FAB. DE DULCES CRIOLLOS"
631,2,"ADQ. DE TAXI RICEL D' VENEZUELA"
632,2,"REP. DE TAXI COOP. BATALLA DE BARINAS 04"
633,1,"FAB. DE TABLONES DE MADERA"
634,4,"PRODUCCION DE CAFÉ"
635,9,"PRODUCCION DE CAFÉ"
636,2,"REP. DE TAXI BARINAS 2021"
637,9,"SERV. DE ALIMENTOS"
638,2,"ADQ. DE TAXI MADRE VIEJA"
639,2,"MAQUINAS Y EQUIPOS"
640,2,"FABRICA DE CHORIZOS"
641,2,"FABRICA DE CHORIZOS"
642,9,"FABRICA DE CHORIZOS"
643,9,"COMPUTACION"
644,9,"CARPINTERIA Y HERRERIA"
645,1,"CONFECCION Y LENCERIA"
646,1,"CONFECCION Y LENCERIA"
647,2,"EBANISTERIA"
648,9,"SERVICIOS TECNICOS PROFESIONALES"
649,2,"BODEGA MERCAL"
650,9,"ADQ. DE RADIOS"
651,2,"ASC. DE CONDUCT. EL CARMEN"
652,9,"PESCADERIA"
653,9,"FABRICA DE BLOQUES"
654,9,"COMERCIALIZADORA DE VIVERES"
655,9,"CENTRO DE COMUNICACIONES"
656,1,"VENTA DE VELONES"
657,2,"CORTE Y CONFECCION"
658,2,"TRANSPORTE URBANO TORUNOS EL REAL 62"
659,2,"TRANSPORTE URBANO COOP. RAUL VILLANUEVA"
660,9,"AUTOLAVADO"
661,2,"TAXI ASOC. COOP.DOÑA ELENA"
662,2,"TAXI COOPERATIVA  2021"
663,2,"TAXI ASOC. CIVIL TELE TAXI"
664,2,"TAXI ASOC. CIVIL LA HORMIGUITA"
665,2,"TAXI ASOC. CIVIL EL VATICANO"
666,2,"TAXI ASOC. CIVIL LINEA RAZETTI"
667,2,"TAXI COOP. TORUNOS EL REAL"
668,2,"TAXI ASOC. CIVIL SUPER TAXI RICEL VZLA"
669,2,"TAXI ASOC. CIVIL FUNSALUD"
670,9,"TRANSCRIPCION DE DATOS"
671,2,"TAXI COOP. CARLOS RAUL VILLANUEVA"
672,2,"ADQ. DE TAXI COOP. CARLOS RAUL VILLANUEVA"
673,2,"VENTA DE LIBROS"
674,2,"POSADA TURISTICA"
675,2,"TAXI NUESTRA SRA. DEL PILAR"
676,2,"REACONDICIONAMIENTO DE MICROBUS CDAD. MARQUEZA"
677,2,"ADQ. ASOC. COOP. DE TRANSP. TAXI MATERNO INFANTIL"
678,2,"ADQ. DE TAXI COOP. DE TRANSP. MATERNO INFANTIL"
679,2,"TAXI COOP. MATERNO INFANTIL"
680,2,"ARTESANIA"
681,2,"REACOND. DE MICROBUS COOP. TORUNOS EL REAL 62 RL"
682,2,"REACOND. DE MICRO BUS ASOC. CIVIL LOS CENTAUROS"
683,1,"REP. DE TAXI ASOC. CIVIL TELE TAXI BARINAS"
684,2,"REP. DE TAXI ASOC. CIVIL TELE TAXI BARINAS"
685,2,"REACOND. DE MICROBUS ASOC. COOP. EL PILAR"
686,2,"REACOND. DE MICROBUS ASOC. COOP. EL PILAR"
687,2,"REACOND. DE MICROBUS LINEA VENEZUELA"
688,2,"REP. DE TAXI COOP. TORUNOS EL REAL 62 R.L."
689,3,"ESCUELAS PRODUCTIVAS"
690,2,"VENTA DE CONFITERIA"
691,2,"ASOC. CIVIL ANGEL DEL LLANO"
692,2,"TRANSP. URB. TOYOTEROS EL DESTIERRO"
693,2,"SERV. PROFESIONALES CONTABLES"
694,2,"FAB. DE DULCES"
695,2,"TAXI ASOC. CIVIL EL CARMEN"
696,2,"VENTA DE POLLOS Y QUESO"
697,2,"COMPRA VTA INSTAL. MANT. DE EQUIPOS DE REFRIG."
698,2,"TAXI COOP. LA MARQUESITA R.L."
699,2,"EMBASADO DIST. Y VTA. DE AGUA PURIFICADA"
700,2,"SERVIC. DE COMP. Y FOTOCOPIADO"
701,2,"ACONDICIONAMIENTO DE LOCAL"
702,2,"TAXI ASOC. CIVIL MI RANCHITO"
703,2,"TAXI BATALLA DE BARINAS 04"
704,1,"MANT. DECULTIVO DE PLATANO Y YUCA"
705,1,"MANT. DE CULTIVO DE PLATANO Y YUCA"
706,2,"AGENCIA DE FESTEJOS"
707,2,"TALLER DE ELECTRONICA"
708,2,"FAB. DE CAUCHOS DE BICICLETA"
709,2,"REPARACION Y VENTA DE SONIDO"
710,2,"FOTOCOPIADO Y TRANSCRIPCION"
711,2,"VIVERES Y CHARCUTERIA"
712,2,"TRANSP. URBANO EL ANGEL DEL LLANO"
713,1,"SERVICIO DE REFRIGERACION"
714,1,"TALLER ELECTRICO AUTOPERIQUITOS"
715,9,"DISTRIBUCION DE PRODUCTOS MERCAL"
716,9,"SERVICIO DE FOTOCOPIADO"
717,9,"FABRICA DE ACERAS Y BROCALES"
718,9,"SERV. DE INTERNET Y COMPUTACION"
719,9,"VENTA DE VIVERES Y CARNICERIA"
720,1,"MERCADO UNITRAE"
721,1,"VENTA DE QUINCALLERIA"
722,1,"MANTENIMIENTO DE CULTIVO DE PLATANO"
723,1,"BODEGA"
724,1,"BODEGA MERCAL"
725,1,"CRISTALERIA Y MARQUETERIA"
726,1,"BUHONEROS PEDRAZA"
727,1,"VENTA DE PRODUCTOS LACTEOS"
728,1,"CHARCUTERIA Y VIVERES"
729,1,"SIEMBRA DE HORTALIZAS"
730,1,"CORTE Y COSTURA"
731,1,"MANTENIMIENTO DE AREAS VERDES"
732,3,"MANTENIMIENTO DE CULTIVOS"
733,1,"ALQUILER DE LAVADORAS"
734,3,"MANTENIIMIENTO DE CULTIVOS"
735,1,"BODEGA"
736,3,"CONUCOS BOLIVARIANOS"
737,1,"MANTENIMIENTO DE ARES VERDES"
738,2,"RESTAURANTE"
739,1,"LAVANDERIA"
740,9,"VENTA DE VIVERES Y CARNICERIA"
741,1,"VENTA MERC. SECA"
742,9,"SERVICIOS DE INTERNET"
743,1,"BODEGA"
744,3,"MANTENIMIENTO DE AREAS VERDES"
745,1,"ALQUILER DE LAVADORAS"
746,3,"MANTENIMIENTO DE CULTIVO"
747,1,"PELUQUERIA"
748,2,"BODEGA"
749,1,"PELUQUERIA"
750,3,"CONUCOS BOLIVARIANOS"
751,2,"VENTA DE ALGODÓN DULCE"
752,2,"VENTA DE MEDICINAS EN GENERAL"
753,3,"CONUCOS BOLIVARIANOS"
754,2,"SERVICIOS PROFESIONALES"
755,1,"ALQUILER DE LAVADORAS"
756,9,"TRANSCRIPCION DE DATOS"
757,1,"VENTA DE ROPA"
758,3,"CONUCOS BOLIVARIANOS"
759,1,"BUHONEROS ROJAS"
760,1,"VENTA DE ACEITE DE MOTOR"
761,1,"TRANSCRIPCION Y FOTOCOPIADO"
762,2,"FUNDICION DE ALUMINIO"
763,2,"VENTA DE PORCINOS"
764,9,"SERVICIOS INTEGRALES DE BELLEZA"
765,9,"DIST. Y COMERCIALIZADORA DE POLLO"
766,2,"VENTA DE ROPA"
767,2,"VENTA DE CHARCUTERIA"
768,2,"CONFECCION DE LENCERIA"
769,9,"CORTE Y CONFECCION"
770,9,"CONSTRUCCION CIVIL"
771,9,"VENTA DE POLLO"
772,9,"CONSTRUCCION"
773,2,"BODEGA"
774,3,"MANTENIMIENTO DE CULTIVO"
775,1,"TRANSCRIPCION DE DATOS"
776,3,"SIEMBRA DE PIMENTON"
777,1,"BUHONEROS A.J.S."
778,1,"BUHONEROS COMUNIDAD INDIGENA"
779,1,"BUHONEROS COMPACTOS"
780,1,"BUHONEROS FTE BOLIV. DE MUJERES"
781,1,"BUHONEROS CIELO ABIERTO"
782,1,"BUHONEROS FZA BOL. TERMINAL"
783,1,"BUHONEROS MOV. ARTESANAL BOL."
784,1,"BUHONEROS NUEVO MARQUEZ"
785,1,"BUHONEROS FTE. BOL. CENTRO"
786,1,"BUHONEROS KIOSQUEROS"
787,2,"KIOSQUEROS"
788,1,"BUHONEROS BARINAS"
789,3,"ÑAME"
790,2,"TAXI COOP. EL VATICANO 1213"
791,2,"TAXI LINEA LA FE"
792,2,"TAXI LINEA MADER VIEJA"
793,2,"TAXI LINEA MADRE VIEJA"
794,2,"TAXI PARQUE LOS MANGOS"
795,2,"TAXI BATALLA DE BANAS 04"
796,2,"TAXI LINEA COROCITO"
797,2,"TAXI. COOP. LOS FRUTOS DE LA REVOLUCION"
798,2,"TAXI COOP. LOS FRUTOS DE LA REVOLUCION"
799,1,"SERV. CONTABLES"
800,1,"VENTA DE REFRESCOS"
801,1,"DISTRIBUIDOR DE CAFÉ MOLIDO"
802,2,"TAXI ASOC. EL TERMINAL"
803,1,"COMPRA Y VENTA DE PORCINO"
804,1,"ELABORACION Y VENTA DE LENCERIA"
805,1,"VENTA DE ARTESANIA"
806,9,"FABRICA DE VELAS"
807,9,"COMIDA"
808,2,"FABRICA DE BLOQUES"
809,2,"TAXI SOC. CIVIL LAS PALMAS"
810,2,"VENTA DE POLLOS"
811,2,"VENTA DE VERDURAS"
812,3,"CULTIVOS AGRICOLAS"
813,2,"VENTA DE METALURGICO"
814,2,"VENTA DE CALZADOS"
815,2,"VENTA E INSTALACION DE EQUIPOS DE SONIDO"
816,2,"DISTRIBUIDOR DE GALLETAS"
817,2,"TAXI COOP. CNEL. FRANCISCO ARAMENDI"
818,3,"PATIO PRODUCTIVO"
819,2,"TAXI LINEA 6 DE ENERO"
820,2,"TAXI COOP. LUZ CARABALLO 2"
821,2,"ADQ. DE MOTO TAXI"
822,2,"MOTO TAXI LINEA KING`S"
823,2,"TAXI COOP. ENFEBA 101 R.L."
824,2,"TAXI LINEA AMBULATORIO SOCIAL"
825,2,"TAXI LOS FRUTOS DE LA REVOLUCION"
826,1,"FAB. DE CALZADO"
827,1,"VENTA DE ROPA Y SASTRERIA"
828,1,"ALQUILER DE SONIDO"
829,1,"FABRICA DE LENCERIA"
830,1,"LABORATORIO DENTAL"
831,2,"TRANSP. URB. STO. DOMINGO DE GUZMAN"
832,2,"TAXI COOP. LA PEDRACEÑA"
833,2,"TAXI COOP. CIUDAD BOLIVIA"
834,9,"CONSTRUCCION DE VIVIENDAS"
835,9,"INTERNET Y PAPELERIA"
836,1,"MANT. DE CULTIVO"
837,1,"VENTA DE CARNES"
838,1,"REPARACION DE ELECTRODOMESTICOS"
839,1,"VENTA DE EMPANADAS"
840,1,"PERFUMERIA"
841,1,"PASAPALOS Y SALSAS"
842,2,"CHARCUTERIA"
843,1,"DISTRIBUIDOR DE EMBUTIDOS"
844,9,"SERVICIOS ELECTRICOS"
845,1,"VENTA DE REPUESTOS PARA MOTOS"
846,1,"DISTRIBUIDORA DE EMBUTIDOS"
847,1,"VENTA DE POLLOS BENEFICIADOS"
848,9,"FABRICA DE PIÑATAS"
849,9,"PELUQUERIA"
850,9,"INTERNET Y COMPUTACION"
851,9,"PRODUCTOS DE CUERO"
852,2,"TAXI ASOC. COOP. RAUL LEONI"
853,3,"SIEMBRA DE YUCA"
854,9,"CASA DE FESTEJOS"
855,9,"RADIO DIFUSION"
856,9,"CONFECCION"
857,9,"VENTA DE YOGURT"
858,9,"DISTRIBUCION DE ALIMENTOS"
859,1,"MERCERIA"
860,1,"VENTA DE ACCESORIOS PARA CELULAR"
861,1,"PAPELERIA Y LIBRERÍA"
862,1,"VENTA DE LENTES"
863,1,"BIBLIOTECA VIRTUAL"
864,1,"FABRICACION DE PANTUFLAS"
865,1,"VENTA DE EMBUTIDOS"
866,1,"VENTA DE CUADROS"
867,1,"AGENCIA DE FESTEJOS"
868,1,"VENTA DE LUBRICANTES Y REPUESTOS"
869,1,"MANICURISTA"
870,1,"FERRETERIA"
871,1,"VENTA DE POLLOS ASADOS"
872,1,"CRIA DE POLLOS"
873,1,"CRIA DE CERDOS"
874,1,"PINTURA ARTISTICA"
875,1,"AGROPECUARIA"
876,2,"ASOC. PEQUEÑOS COMERCIANTES"
877,9,"VENTA DE VIVERES"
878,9,"DESPULPADO DE FRUTAS"
879,1,"VENTA DE BISUTERIA"
880,1,"VENTA DE RELOJ Y LENTES"
881,1,"VENTA DE CARTERAS Y RELOJ"
882,1,"RADIO COMUNITARIA"
883,1,"VENTA DE CERAMICA"
884,1,"VENTA DE CONDIMENTOS Y GRANOS"
885,1,"FAB. DE CAJONES PARA CORNETAS"
886,3,"SIEMBRA DE MAIZ"
887,1,"TALLADO DE MADERA"
888,5,"MANTENIMIENTO DE CULTIVO"
889,9,"PUBLICIDAD"
890,9,"FABRICA DE JABÓN"
891,1,"VENTA DE EQUIPOS DE AUDIO"
892,1,"VENTA DE CD"
893,1,"REPARACION DE RELOJ"
894,5,"SIEMBRA DE MAIZ"
895,5,"CRIA DE POLLO"
896,1,"VENTA DE ACCESORIOS Y REP. DE COMP."
897,1,"TALLER DE SOLDADURA"
898,1,"VENTA DE FORROS PARA CELULARES"
899,1,"MINI-FERRETERIA"
900,1,"FABRICA DE BISUTERIA"
901,9,"SERV. DE JARDINERIA Y VIVERO"
902,1,"VENTA DE CAFÉ"
903,1,"REP. ELECTRICAS"
904,1,"VENTA DE MONDONGO"
905,1,"PIZZERIA Y POLLERA"
906,1,"VENTA DE DELICATESES"
907,1,"VENTA DE FRUTAS Y VERDURAS"
908,1,"VENTA DE YOGURT"
909,9,"APICULTURA"
910,5,"CRIA DE CERDOS"
911,9,"CRIA DE CERDOS"
912,1,"VENTA DE FRUTAS Y VERDURAS"
913,1,"VENTA DE TARJETAS TELEFONICAS"
914,2,"VENTA DE LUBRICANTES"
915,9,"VENTA DE PESCADO"
916,2,"VENTA DE REVISTAS"
917,1,"TEJIDO DE MUEBLES"
918,1,"FABRICA DE PIÑATAS"
919,1,"VENTA DE TARJETAS TELEFONICAS"
920,1,"VENTE DE VERDURAS"
921,1,"VENTA DE POLLOS"
922,9,"PAPELERIA"
923,9,"GRANJA INTEGRAL"
924,2,"PRODUC. PROGRAMAS AUDIOVISUALES"
925,2,"REP. TAXI ASOC. COOP. DE TAXI DIA DE LA RAZA"
926,2,"ADQ. ASOC. COOP. TAXI TRANSP. DEL SUR DE BARINAS"
927,2,"ADQ. TAXI ASOC. CIVIL DE CONDUC. MI RANCHITO"
928,2,"REPOT. TAXI ASOC. C.  DE COND. LINEA PALACIO FAJAR"
929,9,"FABRICA DE HELADOS"
930,1,"SERVICIO DE ARREGLOS DE UÑAS"
931,2,"ADQ. TAXI MACROBA BARINAS"
932,3,"SIEMBRA DE FRIJOL"
933,3,"CRIA DE GALLINAS"
934,2,"MERCANCIA SECA"
935,1,"VENTA DE PLATANO"
936,1,"TRANSC. DE DATOS Y FOTOCOPIADO"
937,1,"METALURGICA"
938,2,"AUTOLAVADO SERVICIO DE FRENOS"
939,2,"ADQ. TAXI SOC. C. TAXIS LAS PALMAS"
940,2,"ADQ. TAXI LOS BOLIVAR"
941,3,"PROYECTO NUDE MAIZANTA"
942,2,"TAXI LINEA UNION BARINAS"
943,5,"SIEMBRA DE YUCA Y TOPOCHOS"
944,2,"FAB. DE ROPA DEPORTIVA"
945,5,"SIEMBRA DE FRIJOLES"
946,2,"ADQ. COOP. DE TAXIS LOS FRUTOS DE LA REVOLUCION"
947,3,"CRIA DE CERDOS"
948,1,"AUTOPERIQUITO"
949,2,"ADQ. TAXI MI TOURS"
950,1,"TRANSCRIPCION DE DATOS"
951,2,"ADQ. DE TAXI. ASOC. CIVIL TAXIS VISION"
952,2,"SERVICIO DE FOTOCOPIADO"
953,5,"SIEMBRA DE CARAOTAS"
954,5,"SIEMBRA DE HORTALIZAS"
955,9,"TALLER DE REFRIGERACION"
956,5,"SIEMBRA DE CILANTRO"
957,2,"TALLER DE MERTALMECANICA"
958,2,"TALLER DE METALMECANICA"
959,1,"SERV. DE TRANSCRIP. DE DATOS"
960,1,"SERVICIO DE AUTOLAVADO"
961,1,"TRANSCRIPCION DE DATOS"
962,1,"VENTA DE POLLO Y QUESO"
963,2,"TAXI COOP. DIA DE LA RAZA"
964,1,"VENTA DE MEDICINAS NATURALES"
965,1,"VENTA DE COSMETICOS"
966,2,"SERV. DE TRANSC. Y FOTOCOPIADO"
967,1,"COMPRA Y VENTA DE PLATANO"
968,2,"HELADERIA"
969,2,"TAXI LINEA UNION EL NUEVO MARQUEZ"
970,2,"VENTA DE BISUTERIA"
971,2,"ESTETICA"
972,1,"COMPRA Y VENTA DE POLLO"
973,2,"TAXI MACROBA"
974,2,"TAXI ASOC. CIVIL BRISAS DEL ALTO BARINAS"
975,2,"REP. DE TAXI COOP. TRANSP. DEL SUR"
976,2,"TAXI ASOC. CIVIL AUTOS LIBRES LLANO ALTO"
977,1,"COMPRA Y VENTA DE MERCANCIA"
978,2,"ADQ. TAXI ASOC. C. DA AUTOS LIBRES LLANO ALTO"
979,1,"TALLER DE EQUIPOS DE SONIDO"
980,2,"ADQ. DE TAXI ASOC. C. DE TAXIS COROCITO"
981,2,"REP. TAXI LINEA UNION EL MARQUEZ"
982,2,"TAXI LINEA ANDRES BELLO"
983,9,"SERVICIO DE COMUNICACIÓN"
984,2,"TAXI LINEA UNION PAEZ"
985,1,"FABRICA DE TORTAS"
986,1,"VENTA DE CACHAPAS"
987,2,"TAXI COOP. ROSA INES R.L."
988,2,"TAXI ASOC. COOP. FUERZA BOLIVARIANA"
989,1,"VENTA DE LENCERIA"
990,2,"ENSAMBLAJE DE MANGUERAS"
991,2,"TAXI COOP. LOS BOLIVAR"
992,1,"VENTA DE CERDOS BENEFICIADOS"
993,2,"TAXI ASOC. DE CONDUCTORES ANDRES ELOY BLANCO"
994,1,"VENTA DE CORREAS"
995,2,"TAXI COOP. DE TRANSP. DEL SUR BARINAS"
996,2,"REP. TAXI ASOC. C. RADIO TAXIS UNIVERSIDAD"
997,2,"VENTA DE CALDEROS"
998,2,"TAXI ASOC. CIVIL RADIO UNIVERSIDAD"
999,2,"TAXI MI TOUR'S"
1000,1,"DISEÑOS DE PLANOS"
1001,2,"POSADA"
1002,1,"SERVICIO DE GRUAS"
1003,3,"SIEMBRA DE CARAOTAS"
1004,2,"TRANSPORTE URBANO LINEA UNION EL MARQUEZ"
1005,2,"TAXI CAMPO LA MESA"
1006,2,"VENTA DE REPUESTOS"
1007,9,"VENTA Y ACCESORIOS PARA VEHICULOS"
1008,1,"REPARACION DE MUEBLES DE MADERA"
1009,2,"PANADERIA Y PASTELERIA"
1010,2,"TAXI COOP. DE TRANSPORTE LOS PATRULLEROS 184"
1011,1,"FABRICA DE SABANAS"
1012,9,"SERV. DE MECANICA AUTOMOTRIZ E INDUSTRIAL"
1013,2,"TAXI ASOC. COOP. SOLIALISMO SIGLO 21"
1014,2,"TAXI ASO. DE CONDUCTORES ANDRES ELOY BLANCO"
1015,2,"ADQ. DE TAXI ASOC. C. RADIO TAXIS UNIVERSIDAD"
1016,2,"ADQ. DE TAXI ASOC. C. TAXIS BRISAS ALTO BARINAS"
1017,2,"TAXI MANUEL PALACIO FAJARDO"
1018,2,"REP. DE TAXI MI TOURS"
1019,1,"VENTA DE PASTELES"
1020,2,"CAUCHERA Y VULCANIZADORA"
1021,2,"ADQ. DE TAXI ASOC. C. DE TAXI FUNSALUD"
1022,9,"SRVICIOS DE INTERNET Y FOTOCOPIADO"
1023,2,"ADQ. DE TAXI ASOC. C.CONDUC.  LINEA ANDRES BELLO"
1024,2,"VENTA Y MANTENIMIENTO DE COMPUTADORAS"
1025,1,"VENTA DE LAMPARAS"
1026,2,"TALABARTERIA"
1027,1,"VENTA DE GALLINAS"
1028,2,"ADQ. DE TAXI LINEA TAXI VISION"
1029,2,"ADQ. TAXI ASOC. COOP. DE TRANSP.  MARQUESITA"
1030,2,"VENTA DE COMPUTADORAS"
1031,3,"MANTENIMIENTO DE PLATANOS"
1032,2,"TAXI ASOC. CIVIL PRADOS DEL ESTE"
1033,1,"TALLER DE ARTEFACTOS ELECTRICOS"
1034,1,"VENTA DE REVISTAS"
1035,1,"TALLER DE REFRIGERACION"
1036,1,"SERV. DE ESTAMPADO EN AEROGRAFIA"
1037,1,"FABRICA DE COLUMNAS"
1038,9,"ELABORACION DE HARINAS"
1039,3,"SIEMBRA DE ÑAME"
1040,2,"ALQUILER DE SONIDO"
1041,2,"VENTA DE PESCADO"
1042,2,"COMPRA Y VENTA DE CAUCHOS"
1043,9,"DECORACIÓN DE FIESTAS"
1044,3,"SIEMBRA DE CILANTRO"
1045,3,"SIEMBRA DE HORTALIZAS"
1046,2,"ENTRENAMIENTO DE KARATE"
1047,9,"FAB. DE PULPAS DE FRUTAS"
1048,1,"SERVICIOS PROFESIONALES"
1049,3,"MANTENIMIENTO DE PLATANOS"
1050,1,"ELECTROAUTO"
1051,1,"VENTA DE EQUIPOS DE COMPUTACION"
1052,2,"VENTAS DE EQUIPOS DE COMPUTACION"
1053,2,"VENTA DE EQUIPOS DE COMPUTACION"
1054,1,"ENCUADERNACION"
1055,1,"REPARACION DE ARTEFACTOS ELECTRICOS"
1056,1,"VENTA DE PRENDAS"
1057,1,"VENTA DE ZAPATOS"
1058,1,"ALBAÑILERIA"
1059,1,"FUMIGACION"
1060,2,"TAXI  ASOC. CIVIL SAN JUAN"
1061,2,"ASOC. COOP. DIA DE LA RAZA"
1062,9,"SERVICIOS DE AUTOLAVADO"
1063,2,"BISUTERIA EN GENERAL"
1064,9,"MERCAL"
1065,9,"VENTA DE AUTO PERIQUITO"
1066,9,"VENTA DE EQUIPOS DE REFRIGERACION"
1067,2,"TAXI ASOC. COOP. TRANSPORTE DEL SUR"
1068,9,"VENTA DE VERDURAS"
1069,9,"CONSTRUCCION DE OBRAS CIVIL"
1070,1,"TRANSCRIPCION DE DATOS"
1071,1,"TRANSCRIPCION DE DATOS"
1072,2,"OPTICA"
1073,2,"VENTA DE PARRILLA"
1074,2,"VENTA DE LACTEOS"
1075,2,"VIVERES Y CARNICERIA"
1076,1,"VENTA DE EQUIPOS DOMESTICOS"
1077,9,"CARNICERIA Y CHARCUTERIA"
1078,2,"GUARDERIA CANINA"
1079,2,"TAXI COOP. DE TRASNPORTE PATRULLEROS 184"
1080,9,"SERVICIOS PROFESIONALES"
1081,1,"VENTA DE LIBROS"
1082,1,"JUGUETERIA"
1083,9,"COMPRA Y VENTA DE BISUTERIA"
1084,3,"ÑAME"
1085,1,"PROGRAMA DE RADIO"
1086,1,"FOTOGRAFIA"
1087,2,"TAXI COOP. EL VATICANO 123 R.L."
1088,2,"COMPRA Y VENTA DE REPUESTOS"
1089,9,"CRIA Y VENTA DE CARNE DE CERDO"
1090,1,"MUEBLES DE MIMBRE"
1091,9,"BODEGA"
1092,9,"CRIA DE POLLO"
1093,1,"CRIA Y VENTA DE POLLO"
1094,1,"CINEMATICA"
1095,3,"CULTIVO DE HORTALIZAS"
1096,3,"PRODUCCION DE HUEVO"
1097,3,"CRIA DE OVEJOS"
1098,1,"PATIO PRODUCTIVO"
1099,1,"PAPELERIA Y FOTOCOPIADO"
1100,1,"FABRICA DE SELLOS"
1101,1,"SALON DE BELLEZA"
1102,1,"ALQUILER DE FIESTAS INFANTILES"
1103,1,"VENTA DE HIELO Y HELADOS"
1104,1,"HUEVOS DE CODORNIZ"
1105,1,"VENTA DE ALIMENTOS CONCENTRADOS"
1106,1,"PISCICOLA"
1107,1,"TALLER DE LATONERIA"
1108,1,"TALLER ELECTRODOMESTICOS"
1109,2,"VENTA Y ELABORACION DE CALZADO"
1110,2,"FRIGORIFICO"
1111,3,"SIEMBRA DE PLATANOS"
1112,1,"PRODUCCION DE HUEVOS"
1113,1,"SERV. DE PEDIQUIUR Y MANIQUIUR"
1114,1,"ASESORIA JURIDICA"
1115,1,"VENTA DE EXTINTORES"
1116,1,"TRANSCRIPCION"
1117,2,"ALBAÑILERIA"
1118,2,"TAXI CORAL NEGRO"
1119,2,"REPARACION DE MOTOS"
1120,2,"REPARACION DE MOTOS"
1121,3,"SIEMBRA DE TOPOCHO"
1122,2,"LAVADO Y CAMBIO DE ACEITE"
1123,2,"TRANSCRIPCION DE DATOS Y FOTOCOPIADO"
1124,9,"PIÑATERIA"
1125,9,"ALQUILER DE LAVADORAS"
1126,9,"ELABORACION Y VENTA DE BISUTERIA"
1127,2,"VENTA DE VIVERES Y FRUTERIA"
1128,2,"LATONERIA Y PINTURA"
1129,1,"CENTRO DE FOTOCOPIADO"
1130,9,"REPARACION DE BICICLETAS"
1131,1,"CRIA DE PECES"
1132,2,"QUINCALLERIA"
1133,2,"CAUCHERA"
1134,1,"VENTA DE REPUESTOS PARA ARTEFACTOS"
1135,1,"VENTA DE DESAYUNO"
1136,3,"SIEMBRA DE AUYAMA"
1137,3,"SIEMBRA DE AJI"
1138,1,"VENTA DE DESAYUNOS Y CONFITERIAS"
1139,1,"VENTA DE PAPELERIA Y UTILES ESCOLARES"
1140,1,"VENTA DE PRODUCTOS DE LIMPIEZA"
1141,1,"FISICOCULTURISMO"
1142,1,"VENTA DE AREPAS Y JUGOS"
1143,1,"VENTA DE DESAYUNOS Y ALMUERZOS"
1144,1,"ESTUDIOS FOTOGRAFICOS"
1145,1,"VENTA DE VIVERES AMBULANTE"
1146,1,"SERVICIOS DE MASAJES"
1147,1,"COMPRA Y VENTA DE ARTICULOS DE GRADO"
1148,1,"VENTA DE PAPELERIA"
1149,1,"ELABORACION Y VENTA DE TORTAS"
1150,1,"SERVICIO DE AUTOLAVADO Y CAMBIO DE ACEITE"
1151,1,"VENTA DE REFRESCOS, HELADOS Y LAVANDERIA"
1152,1,"TALLER DE MANUALIDADES"
1153,1,"VENTA DE POLLO ASADO Y CARNE"
1154,1,"PLASTIFICACION Y FOTOCOPIADO"
1155,1,"TRANSCRIPCION Y VENTA DE UTILES ESCOLARES"
1156,1,"VENTA DE POLLOS BEBE"
1157,1,"TALLER DE MACANICA EN GENERAL"
1158,1,"TALLER DE MECANICA EN GENERAL"
1159,1,"REPOSTERIA Y CONFITERIA"
1160,1,"MECANICA"
1161,1,"FOTOCOPIADO Y PAPELERIA"
1162,1,"ELABORACION DE PIÑATAS"
1163,9,"FABRICA DE CARTERAS SANDALIAS Y PANTUFLAS."
1164,1,"VENTA DE CATALINAS"
1165,1,"FUMIGACION DE CULTIVOS"
1166,1,"ELABORACION DE CATALINAS"
1167,1,"VENTA DE CARNE ASADA"
1168,1,"ALQUILER DE SILLAS MESAS Y MANTELES"
1169,9,"FABRICA DE CHOCOLATE"
1170,1,"VENTA DE JUGO DE CAÑA"
1171,1,"CRIA DE OVEJOS"
1172,1,"MANTENIMIENTO DE LAGUNAS"
1173,9,"REFRIGERACION AUTOMOTRIZ"
1174,2,"REPARACION DE DISCOS Y TAMBORETES"
1175,2,"TRANSCRIPCION DE DATOS E INTERNET"
1176,2,"REPARACION Y VENTA DE COMPUTADORAS"
1177,3,"MANTENIMIENTO DE LECHOZA"
1178,2,"CRIA DE POLLOS"
1179,2,"VENTA DE POLLOS BENEFICIADOS"
1180,2,"PAPELERIA"
1181,2,"TAXI ASOC. COOP. TAXI PATRIA LIBRE R.L."
1182,2,"TRANSCRIPCION Y FOTOCOPIADO"
1183,1,"GASTRONOMIA Y ARTESANIA"
1184,2,"ELABORACION DE DETERGENTES"
1185,2,"VENTA DE DESAYUDOS"
1186,2,"VENTA DE DESAYUNOS"
1187,9,"SERVICIO DE PUBLICIDAD"
1188,9,"ARREGLO DE PARTES Y REPARACION DE MOTORES"
1189,9,"SERVICIO DE INTERNET Y COMPUTACION"
1190,9,"MANTENIENTO DE CULTIVO"
1191,2,"COMPRA Y VENTA DE FERRETERIA"
1192,2,"TEJIDO DE MUEBLES"
1193,9,"PAPELERIA Y FOTOCOPIADO"
1194,3,"CRIA DE PORCINOS"
1195,3,"SIEMBRA DE AJI DULCE"
1196,3,"SIEMBRA DE MAIZ VERANERO"
1197,3,"SIEMBRA DE TOMATE"
1198,3,"CRIA DE CODORNICES"
1199,3,"CRIA DE CACHAMA"
1200,3,"SIEMBRA DE DIFERENTES RUBROS"
1201,1,"INSTALACION DE MANTOS , TEJAS"
1202,1,"ELABORACION Y VENTA DE HELADOS"
1203,1,"DECORACION DE UÑAS ACRILICAS"
1204,1,"ELABORACION DE BISUTERIA"
1205,1,"ELABORACION DE PORCELANA EN MASA FLEXIBLE"
1206,1,"VENTA DE PAPELERIA Y CONFITERIA"
1207,1,"VENTA DE UTILES ESCOLARES"
1208,2,"ADQUSICION DE VEHICULO TAXI BATALLA DE BNAS 04"
1209,1,"REP. Y VENTA DE RELOJ"
1210,1,"ELABORACION DE CACHAPAS"
1211,1,"VENTA DE PRODUCTOS"
1212,2,"MECANICA Y AUTOLAVADO"
1213,9,"MANTENIMIENTO DE AREAS VERDES"
1214,9,"MANTENIMIENTO DE AREAS VERDES"
1215,3,"SIEMBRA DE LECHOZA"
1216,3,"CRIA DE GALLINAS PONEDORAS"
1217,3,"PISCICULTURA"
1218,1,"REPARACION DE TV - RADIO"
1219,3,"SIEMBRA DE OCUMO"
1220,1,"ELABORACION DE YOGURT"
1221,1,"PROCESAMIENTO DE FRUTAS SECAS"
1222,1,"ELABORACION DE MANUALIDADES"
1223,1,"FABRICA DE PAN CASERO"
1224,1,"DECORACION DE FIESTAS"
1225,1,"ELABORACION DE PRODUCTOS NATURALES"
1226,1,"VENTA DE REPUESTOS DE BICICLETA"
1227,1,"PLOMERIA"
1228,1,"VENTA DE BOLSAS PLASTICAS"
1229,1,"SERVICIO DE MANICURE Y PEDICURE"
1230,9,"AGENCIA DE FESTEJOS"
1231,9,"GALLINAS PONEDORAS"
1232,2,"TAXI ASOC. COOP. DE TAXIS LOS AGUIN R.L."
1233,2,"FILMACION Y EDICION DE VIDEOS"
1234,2,"TAXI ASOC. COOP. DE TRANSP. LOS AMIGOS 13"
1235,2,"VENTA DE PINTURA"
1236,2,"SERVICIOS CONTABLES"
1237,2,"VENTA DE ALIMENTOS PARA CACHAMAS"
1238,2,"TAXI ASOC. CIVIL RADIOTAXI DR. CHE GUEVARA"
1239,2,"TAXI ASOC. COOP. DE TAXI FLORENTINO TULIPAN"
1240,2,"TAXI ASOC. COOP. TAXI PATRIA LIBRE"
1241,2,"TAXI ASOC. CIVIL DE AUTO TAXI LA CANDELARIA"
1242,2,"TAXI ASOC. CIVIL TAXI VISION"
1243,1,"DULCES CRIOLLOS"
1244,1,"ELABORACION DE ARTESANIA"
1245,1,"VENTA DE JUGO DE NARANJA,"
1246,1,"VENTA DE PARRILLAS CRIOLLAS"
1247,1,"ELABORACION DE BLOQUES"
1248,1,"ELABORACION DE DULCES"
1249,1,"VENTA DE QUINCALLERIA Y PAPELERIA"
1250,1,"VENTA DE CHICHARRONES"
1251,1,"VENTA DE JUGO"
1252,1,"ELABORACION DE PASTICHO"
1253,2,"FOTOCOPIA - PAPELERIA"
1254,2,"ADQUISICION DE MOTO"
1255,1,"VENTA DE HELADOS Y REFRESCOS"
1256,2,"CYBER"
1257,2,"VENTA DE VIVERES Y CHARCUTERIA"
1258,2,"TALLERDE REFRIGERACION"
1259,1,"ELABORACION DE PIZZAS"
1260,2,"TAXI LINEA DE TAXIS CIUDAD BOLIVIA"
1261,1,"ELABORACION DE TEQUEÑOS"
1262,3,"ADQUISICION DE CERDOS"
1263,3,"SIEMBRA DE PATILLA"
1264,1,"REFRESQUERIA Y LUNCHERIA"
